boundedBy,leveranseid,prosjekt,kommune,hogstkl_verdi,bonitet_beskrivelse,bontre_beskrivelse,areal,arealm2,alder,alder_korr,regaar_korr,regdato,sl_sdeid,teig_best_nr,BBOX,CRS
"1303123.740775,8390424.89474,1303416.196044,8390621.545857",20220005,3026,3226,5,Bonitet 11,Furu,10,9645,110,113,2021,2021-08-25,10191737,1-311,"1298537.840850771,8387815.037724712,1306951.060002613,8391943.747123301",EPSG:3857
"1302884.799114,8390223.067033,1303068.861503,8390592.250019",20220005,3026,3226,5,Bonitet 11,Furu,7,7219,110,113,2021,2021-08-25,10192044,1-307,"1298537.840850771,8388577.34660289,1306951.060002613,8392706.05600148",EPSG:3857
"1303010.177637,8390011.093033,1303344.300419,8390509.319121",20220005,3026,3226,3,Bonitet 14,Furu,23,23209,40,43,2021,2021-08-25,10163298,1-304,"1298537.840850771,8388577.34660289,1306951.060002613,8392706.05600148",EPSG:3857
"1302874.561544,8390037.08191,1303081.119428,8390422.971178",20220005,3026,3226,4,Bonitet 14,Furu,12,12333,70,73,2021,2021-08-25,10192037,1-300,"1298537.840850771,8388577.34660289,1306951.060002613,8392706.05600148",EPSG:3857
"1302863.21541,8389880.529096,1303060.595633,8390102.676986",20220005,3026,3226,4,Bonitet 17,Furu,7,7438,70,73,2021,2021-08-25,10192029,1-294,"1298537.840850771,8388577.34660289,1306951.060002613,8392706.05600148",EPSG:3857
"1304863.471554,8390062.404739,1305402.933208,8390566.847772",20220005,3026,3226,4,Bonitet 11,Furu,43,43258,80,83,2021,2021-08-25,10191813,1-305,"1298537.840850771,8388577.34660289,1306951.060002613,8392706.05600148",EPSG:3857
"1303280.946824,8390200.023969,1303673.667869,8390613.25664",20220005,3026,3226,3,Bonitet 14,Furu,26,26311,40,43,2021,2021-08-25,10171538,1-306,"1298537.840850771,8388577.34660289,1306951.060002613,8392706.05600148",EPSG:3857
"1303634.540298,8389880.749557,1304040.568885,8390577.6695",20220005,3026,3226,3,Bonitet 17,Gran,29,29268,40,43,2021,2021-08-25,10171559,1-302,"1298418.2220029898,8388991.002959043,1306268.0330366865,8392843.225040395",EPSG:3857
"1303832.501075,8389945.639635,1304215.985275,8390388.901058",20220005,3026,3226,4,Bonitet 14,Gran,18,17816,60,63,2021,2021-08-25,10191783,1-301,"1298418.2220029898,8388991.002959043,1306268.0330366865,8392843.225040395",EPSG:3857
"1303606.348804,8389254.780805,1304274.910838,8389765.475912",20220005,3026,3226,4,Bonitet 17,Gran,30,29846,60,63,2021,2021-08-25,10192079,1-274,"1293757.1729599354,8387007.98923245,1308103.9813618418,8394048.552614862",EPSG:3857
"1302711.368611,8389215.967464,1303364.405409,8389901.878047",20220005,3026,3226,5,Bonitet 14,Furu,26,25764,100,103,2021,2021-08-25,10191760,1-278,"1293757.1729599354,8387007.98923245,1308103.9813618418,8394048.552614862",EPSG:3857
"1301989.203218,8387721.828767,1302746.261449,8389415.268783",20220005,3026,3226,3,Bonitet 17,Gran,82,81921,35,38,2021,2021-08-25,10192085,1-198,"1293757.1729599354,8387007.98923245,1308103.9813618418,8394048.552614862",EPSG:3857
"1302462.082725,8388288.069902,1302817.563871,8389033.963553",20220005,3026,3226,3,Bonitet 17,Furu,22,22490,50,53,2021,2021-08-25,10191752,1-221,"1293757.1729599354,8387007.98923245,1308103.9813618418,8394048.552614862",EPSG:3857
"1302853.188435,8389726.298739,1303372.731738,8390127.364847",20220005,3026,3226,3,Bonitet 14,Gran,16,15501,45,48,2021,2021-08-25,10175062,1-291,"1299426.4428672043,8388515.556898779,1308957.643267793,8393192.90524351",EPSG:3857
"1303220.641422,8390003.183889,1303641.682093,8390317.351735",20220005,3026,3226,3,Bonitet 14,Gran,7,7144,45,48,2021,2021-08-25,10191770,1-297,"1300893.904894429,8389219.641188202,1306925.9947721767,8392179.833443029",EPSG:3857
"1303458.173153,8390030.989245,1303662.232612,8390214.594166",20220005,3026,3226,5,Bonitet 14,Gran,4,4250,115,118,2021,2021-08-25,10192043,1-298,"1300893.904894429,8389219.641188202,1306925.9947721767,8392179.833443029",EPSG:3857
"1303592.018733,8390157.125831,1303672.464786,8390282.07861",20220005,3026,3226,5,Bonitet 14,Gran,2,1663,115,118,2021,2021-08-25,10176380,1-303,"1300893.904894429,8389486.936176172,1306925.9947721767,8392447.128430994",EPSG:3857
"1303628.082642,8390262.613659,1304417.823694,8390607.090613",20220005,3026,3226,3,Bonitet 14,Gran,26,25862,40,43,2021,2021-08-25,10191780,1-309,"1301589.5719613538,8388898.037108619,1305767.1243624326,8390948.132268406",EPSG:3857
"1304040.152417,8390149.32644,1304582.032491,8390582.478649",20220005,3026,3226,3,Bonitet 17,Gran,26,25731,33,36,2021,2021-08-25,10191798,1-308,"1301589.5719613538,8389649.554471776,1305767.1243624326,8391699.649631562",EPSG:3857
"1304450.435174,8390346.498755,1304678.183655,8390581.297397",20220005,3026,3226,3,Bonitet 17,Furu,6,6285,25,28,2021,2021-08-25,10191802,1-310,"1301589.5719613538,8389762.834662545,1305767.1243624326,8391812.929822333",EPSG:3857
"1303854.219775,8389710.859249,1304434.200636,8390237.658023",20220005,3026,3226,4,Bonitet 17,Gran,22,22325,55,58,2021,2021-08-25,10171447,1-292,"1301589.5719613538,8389851.248469975,1305767.1243624326,8391901.343629766",EPSG:3857
"1304661.417116,8389568.03409,1305959.783295,8390426.954313",20220005,3026,3226,3,Bonitet 14,Gran,135,135110,55,58,2021,2021-08-25,10202860,1-296,"1301589.5719613538,8389859.53726442,1305767.1243624326,8391909.632424207",EPSG:3857
"1304212.123109,8389816.421981,1305036.625764,8390360.710564",20220005,3026,3226,3,Bonitet 14,Furu,60,59732,40,43,2021,2021-08-25,10191800,1-299,"1301589.5719613538,8389859.53726442,1305767.1243624326,8391909.632424207",EPSG:3857
"1304586.111938,8390375.003995,1304778.60928,8390576.998469",20220005,3026,3226,2,Bonitet 14,Furu,6,6364,25,28,2021,2021-08-25,10191740,1-312,"1301589.5719613538,8390028.076084832,1305767.1243624326,8392078.171244623",EPSG:3857
"1305085.926115,8389641.041591,1305231.556439,8389874.039321",20220005,3026,3226,4,Bonitet 14,Furu,5,5347,70,73,2021,2021-08-25,10171449,1-286,"1299748.742603457,8387799.822103374,1307437.006862082,8391572.766600661",EPSG:3857
"1304731.190642,8389163.733032,1305133.570539,8389637.336511",20220005,3026,3226,4,Bonitet 14,Gran,30,29954,65,68,2021,2021-08-25,10171448,1-266,"1299748.742603457,8389172.72643527,1307437.006862082,8392945.670932556",EPSG:3857
"1303265.798373,8389909.246206,1303701.921533,8390112.871677",20220005,3026,3226,3,Bonitet 17,Gran,12,11878,45,48,2021,2021-08-25,10192050,1-295,"1299748.742603457,8389172.72643527,1307437.006862082,8392945.670932556",EPSG:3857
"1303654.095309,8389834.47978,1303853.689736,8390056.832229",20220005,3026,3226,4,Bonitet 20,Gran,5,4579,45,48,2021,2021-08-25,10192073,1-293,"1299748.742603457,8389579.512903979,1307437.006862082,8393352.457401274",EPSG:3857
"1303790.588807,8389812.345871,1303992.916458,8389959.832571",20220005,3026,3226,3,Bonitet 17,Gran,4,3994,45,48,2021,2021-08-25,10192072,1-290,"1299748.742603457,8389579.512903979,1307437.006862082,8393352.457401274",EPSG:3857
"1303315.950226,8389623.518124,1303544.129892,8389943.512225",20220005,3026,3226,3,Bonitet 17,Gran,10,10298,35,38,2021,2021-08-25,10191761,1-283,"1299748.742603457,8389579.512903979,1307437.006862082,8393352.457401274",EPSG:3857
"1303235.309313,8389236.869265,1303867.366392,8389951.634773",20220005,3026,3226,4,Bonitet 14,Gran,36,35795,60,63,2021,2021-08-25,10192041,1-279,"1299748.742603457,8389579.512903979,1307437.006862082,8393352.457401274",EPSG:3857
"1304262.288677,8389659.936434,1304605.94552,8389991.647433",20220005,3026,3226,4,Bonitet 17,Gran,13,13353,55,58,2021,2021-08-25,10192074,1-287,"1299748.742603457,8389653.094474375,1307437.006862082,8393426.03897166",EPSG:3857
"1303103.942794,8389755.695383,1303330.800574,8389915.158459",20220005,3026,3226,3,Bonitet 14,Furu,5,4824,40,43,2021,2021-08-25,10191745,1-288,"1300002.9841463969,8387204.896892883,1307691.2484050265,8390977.841390174",EPSG:3857
"1304493.808811,8389585.548919,1304787.599097,8389966.071956",20220005,3026,3226,3,Bonitet 14,Gran,17,16521,55,58,2021,2021-08-25,10191790,1-285,"1299402.974105049,8388384.577652149,1307091.2383636788,8392157.522149434",EPSG:3857
"1302602.677871,8389394.577284,1302866.236535,8389792.874523",20220005,3026,3226,3,Bonitet 14,Furu,6,6431,45,48,2021,2021-08-25,10160043,1-270,"1301179.4364165857,8388118.419008155,1304692.32525519,8389842.336678945",EPSG:3857
"1303493.72068,8389471.553455,1303812.722343,8389664.861977",20220005,3026,3226,4,Bonitet 14,Gran,10,10375,60,63,2021,2021-08-25,10192076,1-275,"1301688.2476967822,8388662.080376033,1305201.1365353863,8390385.99804683",EPSG:3857
"1304294.295546,8389246.297138,1304754.157413,8389698.907409",20220005,3026,3226,3,Bonitet 20,Gran,12,11701,40,43,2021,2021-08-25,10192075,1-272,"1302942.8508534245,8388294.992785752,1306455.7396920288,8390018.910456546",EPSG:3857
"1304447.229321,8389287.164509,1304781.059755,8389675.561062",20220005,3026,3226,3,Bonitet 17,Gran,14,13654,40,43,2021,2021-08-25,10191806,1-273,"1302942.8508534245,8388294.992785752,1306455.7396920288,8390018.910456546",EPSG:3857
"1304004.99076,8389468.854884,1304312.063463,8389697.481611",20220005,3026,3226,4,Bonitet 20,Gran,10,10134,60,63,2021,2021-08-25,10163344,1-277,"1302942.8508534245,8388294.992785752,1306455.7396920288,8390018.910456546",EPSG:3857
"1304817.096337,8388883.526667,1305633.885543,8389788.853954",20220005,3026,3226,4,Bonitet 14,Furu,67,66876,65,68,2021,2021-08-25,10191819,1-267,"1302984.6709586496,8388583.086843948,1306497.559797254,8390307.004514746",EPSG:3857
"1305518.705591,8389051.758372,1306470.755799,8389982.750579",20220005,3026,3226,5,Bonitet 8,Furu,79,78542,140,143,2021,2021-08-25,10191836,1-269,"1303363.375244819,8388555.206773796,1306876.2640834234,8390279.124444595",EPSG:3857
"1302589.344267,8389223.788414,1302732.038202,8389429.904926",20220005,3026,3226,4,Bonitet 14,Gran,5,4596,70,73,2021,2021-08-25,10163296,1-259,"1299822.3898213045,8388170.232994782,1304489.9153876558,8390460.777948644",EPSG:3857
"1302701.054199,8388842.943494,1302973.629617,8389228.927085",20220005,3026,3226,3,Bonitet 14,Furu,12,11514,55,58,2021,2021-08-25,10191755,1-240,"1301189.9254204407,8388284.451543697,1305857.4509867923,8390574.996497551",EPSG:3857
"1303229.79514,8388933.408311,1303553.797712,8389515.503687",20220005,3026,3226,5,Bonitet 17,Bjørk / lauv,7,6842,70,73,2021,2021-08-25,10192018,1-257,"1301189.9254204407,8389395.767154729,1305857.4509867923,8391686.312108593",EPSG:3857
"1303408.686489,8389204.570504,1303731.220522,8389494.012837",20220005,3026,3226,4,Bonitet 11,Furu,10,10151,80,83,2021,2021-08-25,10191776,1-262,"1300206.326524266,8387266.095883716,1306716.3282454626,8390460.818950603",EPSG:3857
"1305223.905227,8389367.96107,1305427.025755,8389607.282392",20220005,3026,3226,5,Bonitet 11,Furu,7,6748,100,103,2021,2021-08-25,10191821,1-276,"1300778.9655645592,8387610.540419232,1307288.9672857553,8390805.263486112",EPSG:3857
"1304254.145387,8389327.455578,1304587.806897,8389621.908389",20220005,3026,3226,4,Bonitet 20,Gran,10,9659,50,53,2021,2021-08-25,10192039,1-268,"1300778.9655645592,8387610.540419232,1307288.9672857553,8390805.263486112",EPSG:3857
"1303847.741702,8388951.197426,1304579.12648,8389586.664418",20220005,3026,3226,4,Bonitet 17,Gran,31,30684,55,58,2021,2021-08-25,10192083,1-261,"1300778.9655645592,8387610.540419232,1307288.9672857553,8390805.263486112",EPSG:3857
"1303891.422861,8389073.936426,1304372.701886,8389415.628832",20220005,3026,3226,3,Bonitet 14,Gran,13,12749,55,58,2021,2021-08-25,10171560,1-258,"1300778.9655645592,8387610.540419232,1307288.9672857553,8390805.263486112",EPSG:3857
"1304036.164343,8389026.697385,1304429.90796,8389281.043654",20220005,3026,3226,4,Bonitet 14,Furu,15,14613,60,63,2021,2021-08-25,10191795,1-254,"1300778.9655645592,8387610.540419232,1307288.9672857553,8390805.263486112",EPSG:3857
"1304450.794328,8389045.394352,1304782.611953,8389349.568645",20220005,3026,3226,3,Bonitet 17,Gran,11,11458,50,53,2021,2021-08-25,10191788,1-255,"1300778.9655645592,8387610.540419232,1307288.9672857553,8390805.263486112",EPSG:3857
"1303063.320387,8388926.053738,1303359.895571,8389270.668232",20220005,3026,3226,5,Bonitet 17,Bjørk / lauv,4,3660,70,73,2021,2021-08-25,10160042,1-248,"1302396.442833232,8388509.943297987,1304968.0279832534,8389771.92489939",EPSG:3857
"1303108.907173,8388873.479742,1303344.578798,8389196.162682",20220005,3026,3226,3,Bonitet 17,Gran,4,3886,25,28,2021,2021-08-25,10192026,1-242,"1302396.442833232,8388509.943297987,1304968.0279832534,8389771.92489939",EPSG:3857
"1303243.799227,8388854.546381,1303451.094906,8389212.549192",20220005,3026,3226,4,Bonitet 14,Gran,4,3713,65,68,2021,2021-08-25,10191769,1-241,"1302396.442833232,8388509.943297987,1304968.0279832534,8389771.92489939",EPSG:3857
"1303516.504724,8388757.345455,1304057.064427,8389311.364455",20220005,3026,3226,3,Bonitet 14,Gran,36,36238,40,43,2021,2021-08-25,10192080,1-246,"1302396.442833232,8388509.943297987,1304968.0279832534,8389771.92489939",EPSG:3857
"1303315.22438,8388855.891753,1303658.593919,8389353.738047",20220005,3026,3226,4,Bonitet 17,Gran,14,13843,65,68,2021,2021-08-25,10192046,1-247,"1302396.442833232,8388509.943297987,1304968.0279832534,8389771.92489939",EPSG:3857
"1303385.961383,8388701.660721,1303625.294911,8389141.847421",20220005,3026,3226,4,Bonitet 14,Gran,11,11094,60,63,2021,2021-08-25,10191775,1-237,"1302396.442833232,8388509.943297987,1304968.0279832534,8389771.92489939",EPSG:3857
"1303146.765262,8388569.172112,1303295.125766,8388953.735966",20220005,3026,3226,3,Bonitet 17,Gran,7,6902,25,28,2021,2021-08-25,10192052,1-230,"1302396.442833232,8388509.943297987,1304968.0279832534,8389771.92489939",EPSG:3857
"1302949.721763,8388637.103835,1303144.327424,8388889.652995",20220005,3026,3226,3,Bonitet 17,Gran,8,8212,25,28,2021,2021-08-25,10163339,1-229,"1302396.442833232,8388509.943297987,1304968.0279832534,8389771.92489939",EPSG:3857
"1302867.772705,8388623.975627,1303164.850183,8388915.439071",20220005,3026,3226,3,Bonitet 17,Gran,7,7340,50,53,2021,2021-08-25,10171541,1-227,"1302396.442833232,8388509.943297987,1304968.0279832534,8389771.92489939",EPSG:3857
"1303218.853273,8388578.974686,1303434.178824,8388897.673555",20220005,3026,3226,3,Bonitet 20,Gran,9,8866,25,28,2021,2021-08-25,10171564,1-228,"1302396.442833232,8388509.943297987,1304968.0279832534,8389771.92489939",EPSG:3857
"1303641.462409,8388644.71202,1304386.256968,8389094.569885",20220005,3026,3226,3,Bonitet 14,Furu,37,36792,50,53,2021,2021-08-25,10192082,1-235,"1302396.442833232,8388509.943297987,1304968.0279832534,8389771.92489939",EPSG:3857
"1304186.858899,8388717.295791,1304575.783202,8389201.611824",20220005,3026,3226,3,Bonitet 14,Gran,20,19567,55,58,2021,2021-08-25,10191793,1-239,"1302396.442833232,8388509.943297987,1304968.0279832534,8389771.92489939",EPSG:3857
"1304509.164704,8388788.993358,1304823.506889,8389166.135945",20220005,3026,3226,3,Bonitet 17,Gran,14,13899,35,38,2021,2021-08-25,10191807,1-245,"1302396.442833232,8388509.943297987,1304968.0279832534,8389771.92489939",EPSG:3857
"1304012.333752,8388672.640655,1304281.457346,8388861.477757",20220005,3026,3226,5,Bonitet 8,Furu,7,6818,150,153,2021,2021-08-25,10171445,1-231,"1302396.442833232,8388509.943297987,1304968.0279832534,8389771.92489939",EPSG:3857
"1303431.457887,8388272.380572,1304128.641782,8388772.459136",20220005,3026,3226,3,Bonitet 14,Furu,48,48225,40,43,2021,2021-08-25,10191777,1-209,"1302467.8757540653,8387865.346226654,1305039.4609040914,8389127.327828052",EPSG:3857
"1303176.2205,8388310.546894,1303465.008334,8388715.183972",20220005,3026,3226,4,Bonitet 17,Gran,11,10797,70,73,2021,2021-08-25,10163346,1-206,"1302467.8757540653,8387865.346226654,1305039.4609040914,8389127.327828052",EPSG:3857
"1303178.575392,8388389.536693,1303342.151064,8388674.396465",20220005,3026,3226,4,Bonitet 17,Gran,4,4152,70,73,2021,2021-08-25,10171521,1-207,"1302467.8757540653,8387865.346226654,1305039.4609040914,8389127.327828052",EPSG:3857
"1303119.487314,8387882.190136,1303382.909087,8388379.843077",20220005,3026,3226,3,Bonitet 17,Gran,15,15411,25,28,2021,2021-08-25,10163349,1-188,"1302467.8757540653,8387865.346226654,1305039.4609040914,8389127.327828052",EPSG:3857
"1303347.599759,8388113.039032,1303522.350597,8388514.672978",20220005,3026,3226,3,Bonitet 14,Gran,9,9003,55,58,2021,2021-08-25,10191772,1-195,"1302467.8757540653,8387865.346226654,1305039.4609040914,8389127.327828052",EPSG:3857
"1303299.948366,8387821.647731,1303749.639445,8388519.97741",20220005,3026,3226,2,Bonitet 14,Gran,28,28164,25,28,2021,2021-08-25,10192090,1-191,"1302467.8757540653,8387865.346226654,1305039.4609040914,8389127.327828052",EPSG:3857
"1303730.649395,8387838.820334,1304811.249275,8388699.851079",20220005,3026,3226,5,Bonitet 8,Furu,111,111300,110,113,2021,2021-08-25,10204932,1-197,"1302467.8757540653,8387865.346226654,1305039.4609040914,8389127.327828052",EPSG:3857
"1304095.270064,8388564.155381,1304422.5214,8388765.934706",20220005,3026,3226,3,Bonitet 17,Gran,8,8488,45,48,2021,2021-08-25,10191796,1-224,"1302467.8757540653,8387865.346226654,1305039.4609040914,8389127.327828052",EPSG:3857
"1304247.883226,8388482.672097,1304720.049989,8388791.904004",20220005,3026,3226,3,Bonitet 14,Gran,16,15559,45,48,2021,2021-08-25,10175983,1-222,"1302467.8757540653,8387865.346226654,1305039.4609040914,8389127.327828052",EPSG:3857
"1304590.917829,8388685.912158,1304996.150129,8389032.073804",20220005,3026,3226,3,Bonitet 14,Gran,15,15162,55,58,2021,2021-08-25,10192069,1-236,"1302467.8757540653,8387865.346226654,1305039.4609040914,8389127.327828052",EPSG:3857
"1302711.81568,8388625.437144,1302898.843095,8388845.894766",20220005,3026,3226,5,Bonitet 17,Gran,6,6115,90,93,2021,2021-08-25,10171539,1-225,"1299459.631879488,8386599.57729807,1305533.6782603222,8389580.359318297",EPSG:3857
"1302491.944821,8387596.533668,1303172.046435,8388679.476538",20220005,3026,3226,2,Bonitet 17,Gran,78,78165,20,23,2021,2021-08-25,10165156,1-192,"1299459.631879488,8386599.57729807,1305533.6782603222,8389580.359318297",EPSG:3857
"1302563.175086,8388201.331871,1302754.042985,8388563.491346",20220005,3026,3226,4,Bonitet 17,Gran,7,7299,60,63,2021,2021-08-25,10175051,1-202,"1299459.631879488,8386599.57729807,1305533.6782603222,8389580.359318297",EPSG:3857
"1302906.304664,8388052.810385,1303088.131391,8388398.228962",20220005,3026,3226,4,Bonitet 17,Gran,7,7166,65,68,2021,2021-08-25,10191750,1-193,"1299459.631879488,8386599.57729807,1305533.6782603222,8389580.359318297",EPSG:3857
"1303048.662012,8388388.988144,1303195.557023,8388591.977918",20220005,3026,3226,4,Bonitet 17,Gran,4,3534,70,73,2021,2021-08-25,10192014,1-205,"1299459.631879488,8386599.57729807,1305533.6782603222,8389580.359318297",EPSG:3857
"1302783.460343,8388210.735974,1302921.866842,8388482.621002",20220005,3026,3226,4,Bonitet 14,Gran,5,5209,65,68,2021,2021-08-25,10171434,1-199,"1299459.631879488,8386599.57729807,1305533.6782603222,8389580.359318297",EPSG:3857
"1302446.58969,8387996.017692,1302683.083341,8388332.792989",20220005,3026,3226,3,Bonitet 20,Gran,12,11809,30,33,2021,2021-08-25,10191748,1-187,"1299459.631879488,8386599.57729807,1305533.6782603222,8389580.359318297",EPSG:3857
"1302239.064465,8387937.044106,1302518.386349,8388256.132475",20220005,3026,3226,3,Bonitet 17,Gran,15,15042,45,48,2021,2021-08-25,10191742,1-185,"1299459.631879488,8386599.57729807,1305533.6782603222,8389580.359318297",EPSG:3857
"1301961.970963,8387275.948456,1302586.659103,8388026.618381",20220005,3026,3226,2,Bonitet 14,Gran,49,49167,25,28,2021,2021-08-25,10202872,1-136,"1299459.631879488,8386599.57729807,1305533.6782603222,8389580.359318297",EPSG:3857
"1302329.500433,8387639.592241,1302490.118675,8387848.752712",20220005,3026,3226,4,Bonitet 14,Gran,5,4984,85,88,2021,2021-08-25,10163337,1-168,"1299459.631879488,8386599.57729807,1305533.6782603222,8389580.359318297",EPSG:3857
"1301994.610405,8387311.264426,1302159.104843,8387699.303116",20220005,3026,3226,5,Bonitet 14,Gran,8,8358,90,93,2021,2021-08-25,10191734,1-135,"1299459.631879488,8386599.57729807,1305533.6782603222,8389580.359318297",EPSG:3857
"1301840.655992,8387234.793867,1302225.088617,8387668.661328",20220005,3026,3226,3,Bonitet 17,Gran,15,14941,25,28,2021,2021-08-25,10163345,1-158,"1299459.631879488,8386599.57729807,1305533.6782603222,8389580.359318297",EPSG:3857
"1301687.553547,8386646.221634,1301980.698897,8387533.370638",20220005,3026,3226,3,Bonitet 14,Gran,33,33413,45,48,2021,2021-08-25,10192086,1-154,"1299459.631879488,8386599.57729807,1305533.6782603222,8389580.359318297",EPSG:3857
"1301889.551147,8387622.32145,1302007.805469,8387803.167613",20220005,3026,3226,4,Bonitet 11,Furu,2,1921,95,98,2021,2021-08-25,10160044,1-165,"1301021.1922610144,8387193.460964627,1303275.4585163752,8388299.721256613",EPSG:3857
"1302505.157416,8387324.718669,1302723.541104,8387905.626954",20220005,3026,3226,4,Bonitet 14,Gran,14,13810,65,68,2021,2021-08-25,10171562,1-137,"1301021.1922610144,8387193.460964627,1303275.4585163752,8388299.721256613",EPSG:3857
"1302662.169339,8387454.778231,1302887.174991,8387973.583099",20220005,3026,3226,4,Bonitet 17,Gran,11,11091,65,68,2021,2021-08-25,10171433,1-166,"1301021.1922610144,8387193.460964627,1303275.4585163752,8388299.721256613",EPSG:3857
"1302812.319577,8387593.78462,1302994.067554,8387973.129765",20220005,3026,3226,3,Bonitet 17,Gran,6,6496,40,43,2021,2021-08-25,10171563,1-172,"1301021.1922610144,8387193.460964627,1303275.4585163752,8388299.721256613",EPSG:3857
"1302886.032897,8387608.276673,1302990.080189,8387870.201252",20220005,3026,3226,3,Bonitet 14,Gran,4,4445,40,43,2021,2021-08-25,10163300,1-170,"1301021.1922610144,8387193.460964627,1303275.4585163752,8388299.721256613",EPSG:3857
"1302649.935801,8387195.813424,1303144.741643,8388032.74165",20220005,3026,3226,4,Bonitet 14,Gran,35,34793,60,63,2021,2021-08-25,10191759,1-138,"1301021.1922610144,8387193.460964627,1303275.4585163752,8388299.721256613",EPSG:3857
"1301880.093486,8387099.84772,1302100.924581,8387282.41623",20220005,3026,3226,4,Bonitet 14,Gran,7,7122,65,68,2021,2021-08-25,10191720,1-155,"1301125.5564395022,8386764.076915986,1303379.8226948672,8387870.337207976",EPSG:3857
"1301834.492259,8386698.988801,1302071.72319,8387151.933694",20220005,3026,3226,3,Bonitet 14,Gran,13,12736,50,53,2021,2021-08-25,10191730,1-152,"1301125.5564395022,8386764.076915986,1303379.8226948672,8387870.337207976",EPSG:3857
"1301643.221792,8386943.82471,1301749.834182,8387165.379533",20220005,3026,3226,4,Bonitet 14,Furu,3,3008,70,73,2021,2021-08-25,10171425,1-153,"1301125.5564395022,8386764.076915986,1303379.8226948672,8387870.337207976",EPSG:3857
"1302094.074987,8386840.494959,1302405.853492,8387329.069146",20220005,3026,3226,3,Bonitet 17,Gran,15,14623,50,53,2021,2021-08-25,10191736,1-128,"1301125.5564395022,8386764.076915986,1303379.8226948672,8387870.337207976",EPSG:3857
"1302371.394194,8387065.925576,1302538.874363,8387404.478237",20220005,3026,3226,3,Bonitet 11,Gran,9,8774,65,68,2021,2021-08-25,10171428,1-132,"1301125.5564395022,8386764.076915986,1303379.8226948672,8387870.337207976",EPSG:3857
"1302514.108688,8387117.929834,1302657.137972,8387419.72718",20220005,3026,3226,4,Bonitet 11,Furu,7,7171,70,73,2021,2021-08-25,10163297,1-133,"1301125.5564395022,8386764.076915986,1303379.8226948672,8387870.337207976",EPSG:3857
"1302597.737191,8386881.244271,1303003.358715,8387309.637672",20220005,3026,3226,4,Bonitet 14,Furu,21,21216,75,78,2021,2021-08-25,10163299,1-129,"1301125.5564395022,8386764.076915986,1303379.8226948672,8387870.337207976",EPSG:3857
"1302849.321806,8387130.930148,1303130.491963,8387559.135343",20220005,3026,3226,5,Bonitet 11,Furu,19,19444,110,113,2021,2021-08-25,10191758,1-134,"1301125.5564395022,8386764.076915986,1303379.8226948672,8387870.337207976",EPSG:3857
"1302294.188743,8386673.030326,1302638.881718,8387134.061931",20220005,3026,3226,3,Bonitet 14,Furu,20,20276,55,58,2021,2021-08-25,10191746,1-127,"1301125.5564395022,8386764.076915986,1303379.8226948672,8387870.337207976",EPSG:3857
"1301949.574363,8386296.201303,1302416.716049,8387221.837695",20220005,3026,3226,3,Bonitet 17,Furu,59,59308,40,43,2021,2021-08-25,10192047,1-125,"1301125.5564395022,8386764.076915986,1303379.8226948672,8387870.337207976",EPSG:3857
"1301563.668283,8386381.824442,1302041.998186,8386912.118523",20220005,3026,3226,4,Bonitet 14,Furu,31,30678,60,63,2021,2021-08-25,10191728,1-151,"1301125.5564395022,8386764.076915986,1303379.8226948672,8387870.337207976",EPSG:3857
"1302413.93527,8386455.861283,1302851.272414,8387059.338613",20220005,3026,3226,4,Bonitet 14,Furu,26,25711,60,63,2021,2021-08-25,10171568,1-126,"1301438.648974969,8386033.527666569,1303692.9152303343,8387139.78795855",EPSG:3857
"1302034.157943,8385685.893633,1302791.038309,8386806.159414",20220005,3026,3226,4,Bonitet 14,Furu,37,36952,70,73,2021,2021-08-25,10191751,1-122,"1301438.648974969,8386033.527666569,1303692.9152303343,8387139.78795855",EPSG:3857
"1302331.519272,8386482.873954,1302482.083682,8386678.835235",20220005,3026,3226,3,Bonitet 17,Gran,5,4558,35,38,2021,2021-08-25,10191743,1-123,"1301438.648974969,8386033.527666569,1303692.9152303343,8387139.78795855",EPSG:3857
"1301979.373098,8385736.96116,1302527.726779,8386533.7199",20220005,3026,3226,3,Bonitet 17,Gran,24,24007,40,43,2021,2021-08-25,10191741,1-121,"1301438.648974969,8386033.527666569,1303692.9152303343,8387139.78795855",EPSG:3857
"1302601.182772,8386366.733327,1303010.628625,8386905.581594",20220005,3026,3226,4,Bonitet 17,Gran,12,11805,65,68,2021,2021-08-25,10192088,1-124,"1301438.648974969,8386033.527666569,1303692.9152303343,8387139.78795855",EPSG:3857
"1302352.259659,8385505.333686,1303134.183282,8386790.74258",20220005,3026,3226,4,Bonitet 14,Gran,63,62591,65,68,2021,2021-08-25,10191754,1-65,"1301438.648974969,8386033.527666569,1303692.9152303343,8387139.78795855",EPSG:3857
"1302931.146031,8386708.254052,1303321.014154,8387851.927652",20220005,3026,3226,3,Bonitet 20,Gran,35,34700,20,23,2021,2021-08-25,10192087,1-131,"1301438.648974969,8386033.527666569,1303692.9152303343,8387139.78795855",EPSG:3857
"1303035.586085,8386564.425871,1303526.040832,8387408.146999",20220005,3026,3226,4,Bonitet 17,Gran,35,34829,70,73,2021,2021-08-25,10191763,1-100,"1301438.648974969,8386033.527666569,1303692.9152303343,8387139.78795855",EPSG:3857
"1302942.864064,8386931.227923,1303143.768362,8387423.230342",20220005,3026,3226,4,Bonitet 14,Furu,8,7508,70,73,2021,2021-08-25,10171565,1-130,"1301802.4326828471,8386701.4584089,1304056.698938208,8387807.718700879",EPSG:3857
"1303195.28458,8387255.393727,1303613.891872,8387670.617818",20220005,3026,3226,2,Bonitet 17,Gran,18,17914,20,23,2021,2021-08-25,10192078,1-106,"1301802.4326828471,8386701.4584089,1304056.698938208,8387807.718700879",EPSG:3857
"1303203.652073,8387437.320222,1303432.604692,8387629.495092",20220005,3026,3226,5,Bonitet 14,Gran,6,6031,90,93,2021,2021-08-25,10191765,1-107,"1301802.4326828471,8386701.4584089,1304056.698938208,8387807.718700879",EPSG:3857
"1303118.110618,8387530.785643,1303592.237217,8388087.709345",20220005,3026,3226,4,Bonitet 14,Gran,27,26668,70,73,2021,2021-08-25,10191767,1-173,"1301802.4326828471,8386701.4584089,1304056.698938208,8387807.718700879",EPSG:3857
"1303235.54196,8387560.396743,1303430.323847,8387869.087309",20220005,3026,3226,2,Bonitet 17,Gran,9,9435,20,23,2021,2021-08-25,10171543,1-115,"1302790.3214354103,8387501.99613214,1303693.233832029,8387945.0920304805",EPSG:3857
"1303137.246177,8387453.046209,1303209.822915,8387755.316048",20220005,3026,3226,4,Bonitet 17,Gran,3,2869,70,73,2021,2021-08-25,10171421,1-139,"1302790.3214354103,8387501.99613214,1303693.233832029,8387945.0920304805",EPSG:3857
"1303574.779454,8387490.36795,1303756.268906,8387839.615272",20220005,3026,3226,2,Bonitet 14,Gran,9,9257,20,23,2021,2021-08-25,10163347,1-113,"1302790.3214354103,8387501.99613214,1303693.233832029,8387945.0920304805",EPSG:3857
"1303131.072284,8388109.244768,1303320.326055,8388228.636863",20220005,3026,3226,4,Bonitet 17,Gran,4,3864,60,63,2021,2021-08-25,10171544,1-190,"1302371.2600423738,8387738.179991153,1303976.354193312,8388525.865083744",EPSG:3857
"1303612.43312,8387521.252122,1303942.775235,8388128.686897",20220005,3026,3226,3,Bonitet 11,Gran,23,22603,65,68,2021,2021-08-25,10171444,1-175,"1302371.2600423738,8387738.179991153,1303976.354193312,8388525.865083744",EPSG:3857
"1304688.415724,8388320.422181,1305147.142727,8388919.486573",20220005,3026,3226,5,Bonitet 17,Gran,22,21613,110,113,2021,2021-08-25,10204929,1-218,"1299979.4170089301,8386097.071525941,1306908.468728691,8389497.439499527",EPSG:3857
"1304633.009909,8388429.103552,1304919.38046,8388688.597967",20220005,3026,3226,5,Bonitet 20,Gran,13,13222,110,113,2021,2021-08-25,10175984,1-217,"1299979.4170089301,8386097.071525941,1306908.468728691,8389497.439499527",EPSG:3857
"1304506.319591,8388454.747141,1304688.472908,8388627.058735",20220005,3026,3226,5,Bonitet 17,Gran,4,3634,110,113,2021,2021-08-25,10160684,1-210,"1299979.4170089301,8386097.071525941,1306908.468728691,8389497.439499527",EPSG:3857
"1304169.628509,8387354.861649,1305047.537789,8388343.898169",20220005,3026,3226,5,Bonitet 8,Furu,83,82782,140,143,2021,2021-08-25,10192115,1-180,"1299979.4170089301,8386097.071525941,1306908.468728691,8389497.439499527",EPSG:3857
"1305066.935359,8388265.696961,1305641.029817,8388668.485743",20220005,3026,3226,4,Bonitet 14,Furu,28,27896,60,63,2021,2021-08-25,10192068,1-208,"1299979.4170089301,8386097.071525941,1306908.468728691,8389497.439499527",EPSG:3857
"1304924.532861,8388402.211025,1305070.786215,8388703.529593",20220005,3026,3226,4,Bonitet 17,Gran,6,5664,55,58,2021,2021-08-25,10191812,1-216,"1299979.4170089301,8386097.071525941,1306908.468728691,8389497.439499527",EPSG:3857
"1304987.538247,8388121.789419,1305328.918631,8388404.772261",20220005,3026,3226,4,Bonitet 11,Furu,14,14266,85,88,2021,2021-08-25,10171546,1-201,"1299979.4170089301,8386097.071525941,1306908.468728691,8389497.439499527",EPSG:3857
"1304839.478834,8387826.330795,1305401.07534,8388213.585048",20220005,3026,3226,2,Bonitet 14,Gran,24,24317,3,6,2021,2021-08-25,10192051,1-184,"1299979.4170089301,8386097.071525941,1306908.468728691,8389497.439499527",EPSG:3857
"1305233.361623,8387629.481476,1305927.239243,8388390.168499",20220005,3026,3226,2,Bonitet 17,Gran,37,36661,3,6,2021,2021-08-25,10171549,1-182,"1299979.4170089301,8386097.071525941,1306908.468728691,8389497.439499527",EPSG:3857
"1305296.664107,8388830.999891,1305478.900755,8389287.588315",20220005,3026,3226,5,Bonitet 17,Gran,11,11391,80,83,2021,2021-08-25,10191822,1-249,"1299979.4170089301,8386097.071525941,1306908.468728691,8389497.439499527",EPSG:3857
"1305482.511582,8388714.600062,1305810.345671,8388979.697135",20220005,3026,3226,5,Bonitet 8,Furu,11,10781,130,133,2021,2021-08-25,10171451,1-238,"1299979.4170089301,8386097.071525941,1306908.468728691,8389497.439499527",EPSG:3857
"1305348.198458,8388616.777763,1305733.577075,8388898.498993",20220005,3026,3226,5,Bonitet 11,Furu,11,10780,130,133,2021,2021-08-25,10192071,1-233,"1299979.4170089301,8386097.071525941,1306908.468728691,8389497.439499527",EPSG:3857
"1305351.035752,8388408.683762,1305747.581498,8388722.117158",20220005,3026,3226,5,Bonitet 17,Gran,12,11655,100,103,2021,2021-08-25,10191823,1-219,"1299979.4170089301,8386097.071525941,1306908.468728691,8389497.439499527",EPSG:3857
"1305432.757846,8388290.990815,1306082.815437,8388926.218052",20220005,3026,3226,4,Bonitet 14,Gran,47,46886,70,73,2021,2021-08-25,10192070,1-226,"1299979.4170089301,8386097.071525941,1306908.468728691,8389497.439499527",EPSG:3857
"1305858.634576,8388909.22718,1306254.611829,8389424.424846",20220005,3026,3226,5,Bonitet 11,Furu,24,24311,140,143,2021,2021-08-25,10171558,1-253,"1299979.4170089301,8386097.071525941,1306908.468728691,8389497.439499527",EPSG:3857
"1306056.115464,8388803.803092,1306803.652644,8389502.073256",20220005,3026,3226,4,Bonitet 11,Furu,27,26564,80,83,2021,2021-08-25,10191827,1-260,"1299979.4170089301,8386097.071525941,1306908.468728691,8389497.439499527",EPSG:3857
"1306063.764482,8387898.828124,1306854.800739,8388984.268321",20220005,3026,3226,5,Bonitet 11,Furu,78,78373,130,133,2021,2021-08-25,10191839,1-212,"1299979.4170089301,8386097.071525941,1306908.468728691,8389497.439499527",EPSG:3857
"1305995.378684,8388254.281484,1306236.169534,8388676.728693",20220005,3026,3226,4,Bonitet 14,Furu,15,15015,70,73,2021,2021-08-25,10171454,1-213,"1299979.4170089301,8386097.071525941,1306908.468728691,8389497.439499527",EPSG:3857
"1306049.27521,8387623.753523,1306406.83872,8388264.876724",20220005,3026,3226,4,Bonitet 14,Gran,35,35480,85,88,2021,2021-08-25,10171452,1-186,"1299979.4170089301,8386097.071525941,1306908.468728691,8389497.439499527",EPSG:3857
"1305756.573248,8387879.907744,1306119.543132,8388457.025968",20220005,3026,3226,5,Bonitet 17,Gran,23,22915,100,103,2021,2021-08-25,10191832,1-200,"1299979.4170089301,8386097.071525941,1306908.468728691,8389497.439499527",EPSG:3857
"1305077.02814,8387822.955828,1305272.218759,8388026.033411",20220005,3026,3226,3,Bonitet 14,Gran,6,6281,45,48,2021,2021-08-25,10171547,1-179,"1299979.4170089301,8386097.071525941,1306908.468728691,8389497.439499527",EPSG:3857
"1305065.141709,8387575.150676,1305404.58518,8387889.894417",20220005,3026,3226,4,Bonitet 14,Furu,11,10693,80,83,2021,2021-08-25,10192053,1-174,"1299979.4170089301,8386097.071525941,1306908.468728691,8389497.439499527",EPSG:3857
"1304657.38826,8387562.614723,1305157.877799,8387980.138551",20220005,3026,3226,4,Bonitet 11,Furu,20,19801,80,83,2021,2021-08-25,10171580,1-117,"1299979.4170089301,8386097.071525941,1306908.468728691,8389497.439499527",EPSG:3857
"1304698.082686,8387711.264209,1304877.800189,8387946.277947",20220005,3026,3226,4,Bonitet 14,Furu,5,4880,80,83,2021,2021-08-25,10171581,1-176,"1299979.4170089301,8386097.071525941,1306908.468728691,8389497.439499527",EPSG:3857
"1305457.375255,8387632.818309,1305708.516169,8387832.682887",20220005,3026,3226,3,Bonitet 17,Gran,8,7744,50,53,2021,2021-08-25,10192054,1-116,"1299979.4170089301,8386097.071525941,1306908.468728691,8389497.439499527",EPSG:3857
"1305802.934183,8387093.934243,1306550.117513,8387707.851032",20220005,3026,3226,4,Bonitet 14,Gran,52,52497,65,68,2021,2021-08-25,10192057,1-162,"1299979.4170089301,8386097.071525941,1306908.468728691,8389497.439499527",EPSG:3857
"1305718.664839,8387151.038188,1305909.630889,8387700.735549",20220005,3026,3226,4,Bonitet 17,Gran,12,11996,55,58,2021,2021-08-25,10192067,1-108,"1299979.4170089301,8386097.071525941,1306908.468728691,8389497.439499527",EPSG:3857
"1305649.275275,8387369.855192,1305777.715861,8387648.665866",20220005,3026,3226,3,Bonitet 14,Gran,4,4456,50,53,2021,2021-08-25,10171551,1-109,"1299979.4170089301,8386097.071525941,1306908.468728691,8389497.439499527",EPSG:3857
"1305438.276394,8387442.696096,1305732.583145,8387712.497879",20220005,3026,3226,2,Bonitet 14,Gran,11,11262,3,6,2021,2021-08-25,10171548,1-112,"1299979.4170089301,8386097.071525941,1306908.468728691,8389497.439499527",EPSG:3857
"1305328.55052,8387397.279549,1305673.056896,8387694.963191",20220005,3026,3226,4,Bonitet 14,Gran,8,8409,75,78,2021,2021-08-25,10191808,1-110,"1299979.4170089301,8386097.071525941,1306908.468728691,8389497.439499527",EPSG:3857
"1305030.848038,8387471.837705,1305469.577999,8387751.819792",20220005,3026,3226,2,Bonitet 14,Gran,10,10345,3,6,2021,2021-08-25,10192055,1-114,"1299979.4170089301,8386097.071525941,1306908.468728691,8389497.439499527",EPSG:3857
"1304796.48857,8387387.318897,1305130.838432,8387699.301354",20220005,3026,3226,5,Bonitet 11,Furu,12,11623,100,103,2021,2021-08-25,10191814,1-111,"1299979.4170089301,8386097.071525941,1306908.468728691,8389497.439499527",EPSG:3857
"1304704.092985,8386954.788529,1305500.695096,8387604.569826",20220005,3026,3226,4,Bonitet 11,Furu,35,35279,80,83,2021,2021-08-25,10192056,1-104,"1299979.4170089301,8386097.071525941,1306908.468728691,8389497.439499527",EPSG:3857
"1304910.981751,8387075.033604,1305111.786123,8387301.034431",20220005,3026,3226,1,Bonitet 11,Gran,7,7231,0,3,2021,2021-08-25,10171446,1-95,"1299979.4170089301,8386097.071525941,1306908.468728691,8389497.439499527",EPSG:3857
"1305091.273379,8387113.924289,1305248.363737,8387337.666062",20220005,3026,3226,4,Bonitet 11,Furu,6,6219,80,83,2021,2021-08-25,10163306,1-96,"1299979.4170089301,8386097.071525941,1306908.468728691,8389497.439499527",EPSG:3857
"1305122.537833,8386613.41601,1306021.200762,8387375.386467",20220005,3026,3226,2,Bonitet 14,Gran,63,62833,18,21,2021,2021-08-25,10191830,1-87,"1299979.4170089301,8386097.071525941,1306908.468728691,8389497.439499527",EPSG:3857
"1305451.475239,8387110.859357,1305783.687526,8387403.836062",20220005,3026,3226,2,Bonitet 14,Gran,13,12633,3,6,2021,2021-08-25,10163342,1-103,"1299979.4170089301,8386097.071525941,1306908.468728691,8389497.439499527",EPSG:3857
"1305321.31522,8387001.60865,1305676.405941,8387294.522051",20220005,3026,3226,4,Bonitet 14,Gran,12,11551,75,78,2021,2021-08-25,10192035,1-94,"1299979.4170089301,8386097.071525941,1306908.468728691,8389497.439499527",EPSG:3857
"1304921.580276,8386987.708368,1305209.17863,8387170.10099",20220005,3026,3226,4,Bonitet 14,Furu,6,6461,80,83,2021,2021-08-25,10163354,1-90,"1299979.4170089301,8386097.071525941,1306908.468728691,8389497.439499527",EPSG:3857
"1304777.813095,8386356.74664,1305099.700623,8387052.792645",20220005,3026,3226,4,Bonitet 11,Furu,22,21975,80,83,2021,2021-08-25,10192114,1-84,"1299979.4170089301,8386097.071525941,1306908.468728691,8389497.439499527",EPSG:3857
"1304624.817481,8386566.199762,1304929.563425,8387016.276317",20220005,3026,3226,5,Bonitet 11,Furu,21,20831,130,133,2021,2021-08-25,10191810,1-86,"1299979.4170089301,8386097.071525941,1306908.468728691,8389497.439499527",EPSG:3857
"1303932.665683,8386685.72748,1304448.114025,8387775.448513",20220005,3026,3226,5,Bonitet 8,Furu,46,46131,125,128,2021,2021-08-25,10191794,1-91,"1299979.4170089301,8386097.071525941,1306908.468728691,8389497.439499527",EPSG:3857
"1303574.899243,8387224.033826,1303871.097821,8387550.148617",20220005,3026,3226,5,Bonitet 8,Furu,15,14550,110,113,2021,2021-08-25,10160031,1-105,"1299979.4170089301,8386097.071525941,1306908.468728691,8389497.439499527",EPSG:3857
"1303775.541541,8386971.163225,1304007.029666,8387413.579224",20220005,3026,3226,5,Bonitet 6,Furu,8,8030,135,138,2021,2021-08-25,10160032,1-92,"1299979.4170089301,8386097.071525941,1306908.468728691,8389497.439499527",EPSG:3857
"1303418.652178,8386785.192405,1303599.787601,8387468.546404",20220005,3026,3226,3,Bonitet 14,Furu,16,16259,40,43,2021,2021-08-25,10171440,1-102,"1299979.4170089301,8386097.071525941,1306908.468728691,8389497.439499527",EPSG:3857
"1303521.688352,8386806.418685,1303762.992567,8387397.355637",20220005,3026,3226,3,Bonitet 14,Furu,18,18366,30,33,2021,2021-08-25,10171443,1-101,"1299979.4170089301,8386097.071525941,1306908.468728691,8389497.439499527",EPSG:3857
"1303321.075097,8386644.275488,1303497.453803,8387199.430717",20220005,3026,3226,3,Bonitet 17,Gran,9,9385,40,43,2021,2021-08-25,10191773,1-99,"1299979.4170089301,8386097.071525941,1306908.468728691,8389497.439499527",EPSG:3857
"1303399.908116,8386440.996593,1303943.346669,8386843.475481",20220005,3026,3226,5,Bonitet 8,Furu,35,35336,130,133,2021,2021-08-25,10191785,1-98,"1299979.4170089301,8386097.071525941,1306908.468728691,8389497.439499527",EPSG:3857
"1303359.861966,8386262.144882,1303813.666342,8386694.859174",20220005,3026,3226,4,Bonitet 14,Furu,18,17833,65,68,2021,2021-08-25,10171569,1-78,"1299979.4170089301,8386097.071525941,1306908.468728691,8389497.439499527",EPSG:3857
"1303439.77681,8385643.406224,1304482.167738,8386737.304951",20220005,3026,3226,5,Bonitet 8,Furu,73,72818,110,113,2021,2021-08-25,10191789,1-69,"1299979.4170089301,8386097.071525941,1306908.468728691,8389497.439499527",EPSG:3857
"1304298.783712,8386484.952824,1304584.602938,8387124.118234",20220005,3026,3226,4,Bonitet 6,Furu,19,18592,115,118,2021,2021-08-25,10191803,1-85,"1299979.4170089301,8386097.071525941,1306908.468728691,8389497.439499527",EPSG:3857
"1304422.450788,8386363.234057,1304599.756223,8386675.317244",20220005,3026,3226,5,Bonitet 8,Furu,7,7189,115,118,2021,2021-08-25,10171578,1-79,"1299979.4170089301,8386097.071525941,1306908.468728691,8389497.439499527",EPSG:3857
"1304229.616883,8386060.053887,1304692.964799,8386509.439961",20220005,3026,3226,4,Bonitet 8,Gran,20,20380,80,83,2021,2021-08-25,10191801,1-74,"1299979.4170089301,8386097.071525941,1306908.468728691,8389497.439499527",EPSG:3857
"1304662.054675,8386240.581362,1304974.880711,8386569.519397",20220005,3026,3226,2,Bonitet 11,Gran,16,16311,30,33,2021,2021-08-25,10171574,1-76,"1299979.4170089301,8386097.071525941,1306908.468728691,8389497.439499527",EPSG:3857
"1306133.964743,8387290.449732,1307080.807191,8387789.020957",20220005,3026,3226,5,Bonitet 11,Furu,30,29657,140,143,2021,2021-08-25,10192040,1-167,"1299979.4170089301,8386097.071525941,1306908.468728691,8389497.439499527",EPSG:3857
"1306310.498173,8387616.30905,1306910.788764,8388229.879563",20220005,3026,3226,4,Bonitet 14,Furu,41,41004,60,63,2021,2021-08-25,10171460,1-183,"1299979.4170089301,8386097.071525941,1306908.468728691,8389497.439499527",EPSG:3857
"1306667.715192,8387478.882018,1307362.331451,8388163.522554",20220005,3026,3226,4,Bonitet 14,Gran,62,61777,70,73,2021,2021-08-25,10191842,1-178,"1299979.4170089301,8386097.071525941,1306908.468728691,8389497.439499527",EPSG:3857
"1306236.970646,8387311.906636,1306617.541424,8387522.577633",20220005,3026,3226,4,Bonitet 17,Gran,8,8299,60,63,2021,2021-08-25,10160034,1-164,"1299979.4170089301,8386097.071525941,1306908.468728691,8389497.439499527",EPSG:3857
"1305799.169195,8386928.850458,1306064.818427,8387397.57091",20220005,3026,3226,4,Bonitet 14,Furu,16,15669,80,83,2021,2021-08-25,10171453,1-93,"1299979.4170089301,8386097.071525941,1306908.468728691,8389497.439499527",EPSG:3857
"1305608.286515,8386761.359223,1305967.351194,8387205.312482",20220005,3026,3226,3,Bonitet 14,Gran,14,14371,55,58,2021,2021-08-25,10192066,1-88,"1299979.4170089301,8386097.071525941,1306908.468728691,8389497.439499527",EPSG:3857
"1305774.97803,8386713.038797,1306311.021971,8387226.78414",20220005,3026,3226,4,Bonitet 14,Gran,22,22379,60,63,2021,2021-08-25,10171540,1-89,"1299979.4170089301,8386097.071525941,1306908.468728691,8389497.439499527",EPSG:3857
"1304948.427085,8386329.817326,1305542.601378,8387020.948106",20220005,3026,3226,3,Bonitet 14,Gran,35,35202,30,33,2021,2021-08-25,10192110,1-81,"1299979.4170089301,8386097.071525941,1306908.468728691,8389497.439499527",EPSG:3857
"1305332.563169,8386541.858662,1305731.439762,8386838.118159",20220005,3026,3226,3,Bonitet 17,Gran,11,10770,50,53,2021,2021-08-25,10191826,1-82,"1299979.4170089301,8386097.071525941,1306908.468728691,8389497.439499527",EPSG:3857
"1305204.250902,8386554.832983,1305557.030481,8386917.323091",20220005,3026,3226,3,Bonitet 14,Gran,10,10264,50,53,2021,2021-08-25,10171552,1-83,"1299979.4170089301,8386097.071525941,1306908.468728691,8389497.439499527",EPSG:3857
"1304979.317707,8386048.986596,1305487.406292,8386533.249187",20220005,3026,3226,3,Bonitet 17,Gran,21,20625,30,33,2021,2021-08-25,10192111,1-75,"1299979.4170089301,8386097.071525941,1306908.468728691,8389497.439499527",EPSG:3857
"1305059.004471,8386253.100763,1305241.545144,8386552.434515",20220005,3026,3226,3,Bonitet 14,Furu,8,8387,45,48,2021,2021-08-25,10191820,1-77,"1299979.4170089301,8386097.071525941,1306908.468728691,8389497.439499527",EPSG:3857
"1304897.611864,8386083.418792,1305149.357524,8386359.293264",20220005,3026,3226,3,Bonitet 14,Gran,9,8518,30,33,2021,2021-08-25,10163353,1-72,"1299883.1801794886,8383993.609396724,1306812.231899249,8387393.977370311",EPSG:3857
"1304733.949363,8386012.933339,1305064.406062,8386275.708212",20220005,3026,3226,3,Bonitet 14,Gran,9,9316,55,58,2021,2021-08-25,10191815,1-70,"1299883.1801794886,8383993.609396724,1306812.231899249,8387393.977370311",EPSG:3857
"1304379.444141,8385948.348702,1304927.89051,8386386.096368",20220005,3026,3226,3,Bonitet 14,Gran,32,31580,30,33,2021,2021-08-25,10171526,1-68,"1299883.1801794886,8383993.609396724,1306812.231899249,8387393.977370311",EPSG:3857
"1304228.382927,8385645.689422,1304666.277633,8386027.055439",20220005,3026,3226,3,Bonitet 14,Gran,21,21007,40,43,2021,2021-08-25,10191804,1-60,"1299883.1801794886,8383993.609396724,1306812.231899249,8387393.977370311",EPSG:3857
"1304732.858299,8385804.824863,1305293.358253,8386169.482562",20220005,3026,3226,3,Bonitet 20,Gran,13,12967,30,33,2021,2021-08-25,10191817,1-67,"1299883.1801794886,8383993.609396724,1306812.231899249,8387393.977370311",EPSG:3857
"1304586.19433,8385492.88539,1305064.885535,8385956.853885",20220005,3026,3226,3,Bonitet 17,Gran,17,17399,50,53,2021,2021-08-25,10192108,1-58,"1299883.1801794886,8383993.609396724,1306812.231899249,8387393.977370311",EPSG:3857
"1304628.480813,8385338.515617,1305120.934648,8385806.660491",20220005,3026,3226,4,Bonitet 20,Gran,21,20946,50,53,2021,2021-08-25,10191816,1-54,"1299883.1801794886,8383993.609396724,1306812.231899249,8387393.977370311",EPSG:3857
"1304246.444143,8385364.050056,1304820.098695,8385881.891309",20220005,3026,3226,3,Bonitet 14,Furu,23,23308,55,58,2021,2021-08-25,10192100,1-56,"1299883.1801794886,8383993.609396724,1306812.231899249,8387393.977370311",EPSG:3857
"1303988.776515,8385045.518864,1304837.184061,8385835.459138",20220005,3026,3226,5,Bonitet 11,Furu,43,43318,110,113,2021,2021-08-25,10192023,1-46,"1299883.1801794886,8383993.609396724,1306812.231899249,8387393.977370311",EPSG:3857
"1304484.332085,8385293.808059,1304682.68085,8385396.132886",20220005,3026,3226,5,Bonitet 8,Furu,4,3574,110,113,2021,2021-08-25,10163312,1-44,"1299883.1801794886,8383993.609396724,1306812.231899249,8387393.977370311",EPSG:3857
"1303824.513866,8385187.359279,1304380.70972,8385808.367271",20220005,3026,3226,5,Bonitet 8,Furu,41,41099,130,133,2021,2021-08-25,10191792,1-49,"1299883.1801794886,8383993.609396724,1306812.231899249,8387393.977370311",EPSG:3857
"1303974.906269,8385708.130815,1304447.350648,8386113.478538",20220005,3026,3226,4,Bonitet 8,Furu,20,19551,105,108,2021,2021-08-25,10191791,1-61,"1299883.1801794886,8383993.609396724,1306812.231899249,8387393.977370311",EPSG:3857
"1303585.752167,8385406.369757,1303969.539055,8385797.308428",20220005,3026,3226,4,Bonitet 11,Gran,15,15202,75,78,2021,2021-08-25,10191786,1-55,"1299883.1801794886,8383993.609396724,1306812.231899249,8387393.977370311",EPSG:3857
"1303968.712658,8385130.177974,1304294.654303,8385495.556261",20220005,3026,3226,4,Bonitet 17,Gran,11,10845,55,58,2021,2021-08-25,10191799,1-43,"1299883.1801794886,8383993.609396724,1306812.231899249,8387393.977370311",EPSG:3857
"1302549.997629,8385492.125665,1303344.879366,8386630.967733",20220005,3026,3226,3,Bonitet 17,Gran,59,58541,35,38,2021,2021-08-25,10191757,1-64,"1299883.1801794886,8383993.609396724,1306812.231899249,8387393.977370311",EPSG:3857
"1303167.895588,8386292.234331,1303373.26103,8386499.683035",20220005,3026,3226,4,Bonitet 17,Gran,6,5965,55,58,2021,2021-08-25,10191764,1-97,"1299883.1801794886,8383993.609396724,1306812.231899249,8387393.977370311",EPSG:3857
"1303221.995118,8386003.22293,1303527.354443,8386570.812647",20220005,3026,3226,3,Bonitet 17,Gran,12,12430,35,38,2021,2021-08-25,10192091,1-73,"1299883.1801794886,8383993.609396724,1306812.231899249,8387393.977370311",EPSG:3857
"1303343.103207,8385800.868929,1303732.161369,8386503.12271",20220005,3026,3226,3,Bonitet 11,Furu,29,28682,65,68,2021,2021-08-25,10191778,1-66,"1299883.1801794886,8383993.609396724,1306812.231899249,8387393.977370311",EPSG:3857
"1303361.450141,8386135.479096,1303570.126016,8386372.19856",20220005,3026,3226,3,Bonitet 14,Gran,8,7575,35,38,2021,2021-08-25,10171438,1-71,"1299883.1801794886,8383993.609396724,1306812.231899249,8387393.977370311",EPSG:3857
"1303026.676585,8385853.669975,1303226.613522,8386124.920559",20220005,3026,3226,3,Bonitet 14,Gran,9,9097,35,38,2021,2021-08-25,10192092,1-62,"1299883.1801794886,8383993.609396724,1306812.231899249,8387393.977370311",EPSG:3857
"1302912.919687,8385469.405972,1303394.763894,8386138.680026",20220005,3026,3226,3,Bonitet 17,Gran,24,24411,35,38,2021,2021-08-25,10192094,1-57,"1299883.1801794886,8383993.609396724,1306812.231899249,8387393.977370311",EPSG:3857
"1303169.056625,8385205.610863,1303835.531205,8385816.750623",20220005,3026,3226,3,Bonitet 14,Gran,33,32744,40,43,2021,2021-08-25,10191782,1-51,"1299883.1801794886,8383993.609396724,1306812.231899249,8387393.977370311",EPSG:3857
"1303260.780613,8385902.410274,1303458.333557,8386137.323845",20220005,3026,3226,4,Bonitet 14,Gran,7,6901,60,63,2021,2021-08-25,10191771,1-63,"1299883.1801794886,8383993.609396724,1306812.231899249,8387393.977370311",EPSG:3857
"1303079.93414,8385403.773232,1303359.68807,8385728.998582",20220005,3026,3226,4,Bonitet 8,Furu,10,9600,105,108,2021,2021-08-25,10191762,1-50,"1299883.1801794886,8383993.609396724,1306812.231899249,8387393.977370311",EPSG:3857
"1303224.008796,8385189.952869,1303446.498501,8385665.125141",20220005,3026,3226,2,Bonitet 14,Gran,13,13468,20,23,2021,2021-08-25,10171439,1-45,"1299883.1801794886,8383993.609396724,1306812.231899249,8387393.977370311",EPSG:3857
"1303343.938731,8385291.465321,1303598.540744,8385556.420975",20220005,3026,3226,4,Bonitet 14,Furu,9,9205,60,63,2021,2021-08-25,10171442,1-47,"1299883.1801794886,8383993.609396724,1306812.231899249,8387393.977370311",EPSG:3857
"1303581.943854,8384852.352286,1304167.880066,8385373.419491",20220005,3026,3226,3,Bonitet 14,Furu,34,34132,55,58,2021,2021-08-25,10192105,1-38,"1299883.1801794886,8383993.609396724,1306812.231899249,8387393.977370311",EPSG:3857
"1303380.247028,8385020.202686,1303708.85844,8385388.939237",20220005,3026,3226,4,Bonitet 14,Bjørk / lauv,11,10634,60,63,2021,2021-08-25,10191779,1-36,"1299883.1801794886,8383993.609396724,1306812.231899249,8387393.977370311",EPSG:3857
"1303427.031734,8385012.885622,1303620.636931,8385277.107402",20220005,3026,3226,4,Bonitet 11,Bjørk / lauv,7,7222,60,63,2021,2021-08-25,10171572,1-34,"1299883.1801794886,8383993.609396724,1306812.231899249,8387393.977370311",EPSG:3857
"1303391.919663,8384828.071588,1303724.998066,8385031.021749",20220005,3026,3226,4,Bonitet 8,Furu,7,6918,100,103,2021,2021-08-25,10191774,1-27,"1299883.1801794886,8383993.609396724,1306812.231899249,8387393.977370311",EPSG:3857
"1303380.431717,8384781.321532,1303784.536071,8384969.632093",20220005,3026,3226,5,Bonitet 8,Furu,7,7442,140,143,2021,2021-08-25,10191711,1-37,"1299883.1801794886,8383993.609396724,1306812.231899249,8387393.977370311",EPSG:3857
"1303351.608704,8384578.195459,1303845.550496,8384949.041005",20220005,3026,3226,5,Bonitet 11,Furu,15,14682,140,143,2021,2021-08-25,10192106,1-20,"1299883.1801794886,8383993.609396724,1306812.231899249,8387393.977370311",EPSG:3857
"1303085.352752,8384616.585159,1303542.549303,8385125.936112",20220005,3026,3226,5,Bonitet 11,Furu,17,17364,100,103,2021,2021-08-25,10171573,1-25,"1299883.1801794886,8383993.609396724,1306812.231899249,8387393.977370311",EPSG:3857
"1303173.552246,8384665.214322,1303394.555524,8384944.300179",20220005,3026,3226,4,Bonitet 14,Furu,9,8742,70,73,2021,2021-08-25,10192058,1-22,"1299883.1801794886,8383993.609396724,1306812.231899249,8387393.977370311",EPSG:3857
"1303174.051338,8384515.861502,1303379.622725,8384749.909346",20220005,3026,3226,4,Bonitet 14,Furu,7,6833,80,83,2021,2021-08-25,10163302,1-17,"1299883.1801794886,8383993.609396724,1306812.231899249,8387393.977370311",EPSG:3857
"1302624.559015,8384161.148421,1303271.370231,8384661.065259",20220005,3026,3226,5,Bonitet 11,Furu,29,29406,130,133,2021,2021-08-25,10171437,1-11,"1299883.1801794886,8383993.609396724,1306812.231899249,8387393.977370311",EPSG:3857
"1302802.756679,8384308.951161,1303180.629006,8384927.868092",20220005,3026,3226,4,Bonitet 14,Furu,17,17290,70,73,2021,2021-08-25,10191753,1-14,"1299883.1801794886,8383993.609396724,1306812.231899249,8387393.977370311",EPSG:3857
"1303076.449855,8384870.155219,1303449.980722,8385225.944501",20220005,3026,3226,4,Bonitet 14,Furu,13,12839,70,73,2021,2021-08-25,10163352,1-31,"1299883.1801794886,8383993.609396724,1306812.231899249,8387393.977370311",EPSG:3857
"1303122.416086,8385167.537786,1303358.276381,8385461.152537",20220005,3026,3226,4,Bonitet 14,Furu,7,7174,60,63,2021,2021-08-25,10171566,1-40,"1299883.1801794886,8383993.609396724,1306812.231899249,8387393.977370311",EPSG:3857
"1302906.918748,8385170.40357,1303181.162164,8385490.778745",20220005,3026,3226,3,Bonitet 17,Gran,9,9042,35,38,2021,2021-08-25,10192095,1-42,"1299883.1801794886,8383993.609396724,1306812.231899249,8387393.977370311",EPSG:3857
"1302984.403419,8385468.256267,1303164.539655,8385763.358716",20220005,3026,3226,3,Bonitet 14,Gran,7,7123,35,38,2021,2021-08-25,10160030,1-52,"1299883.1801794886,8383993.609396724,1306812.231899249,8387393.977370311",EPSG:3857
"1302790.143289,8385431.836717,1303017.519059,8385889.936217",20220005,3026,3226,4,Bonitet 14,Gran,12,12093,60,63,2021,2021-08-25,10163301,1-53,"1299883.1801794886,8383993.609396724,1306812.231899249,8387393.977370311",EPSG:3857
"1302884.161025,8385211.945033,1303126.059112,8385434.923574",20220005,3026,3226,4,Bonitet 17,Gran,8,7530,60,63,2021,2021-08-25,10192081,1-41,"1299883.1801794886,8383993.609396724,1306812.231899249,8387393.977370311",EPSG:3857
"1302648.886869,8385003.023576,1303035.645157,8385460.46029",20220005,3026,3226,4,Bonitet 17,Gran,20,20283,55,58,2021,2021-08-25,10192048,1-35,"1299883.1801794886,8383993.609396724,1306812.231899249,8387393.977370311",EPSG:3857
"1301905.372313,8384605.809376,1302939.829472,8385544.804763",20220005,3026,3226,3,Bonitet 17,Gran,98,98334,45,48,2021,2021-08-25,10192103,1-33,"1299883.1801794886,8383993.609396724,1306812.231899249,8387393.977370311",EPSG:3857
"1302433.437237,8385421.11626,1302737.816001,8385745.667132",20220005,3026,3226,4,Bonitet 17,Gran,12,12474,55,58,2021,2021-08-25,10171432,1-48,"1299883.1801794886,8383993.609396724,1306812.231899249,8387393.977370311",EPSG:3857
"1302100.102325,8385381.995836,1302846.394649,8386535.807921",20220005,3026,3226,3,Bonitet 17,Gran,48,47964,35,38,2021,2021-08-25,10191738,1-59,"1299883.1801794886,8383993.609396724,1306812.231899249,8387393.977370311",EPSG:3857
"1301619.950249,8385621.124275,1302238.002547,8386493.294147",20220005,3026,3226,4,Bonitet 17,Gran,52,51657,55,58,2021,2021-08-25,10171542,1-147,"1299883.1801794886,8383993.609396724,1306812.231899249,8387393.977370311",EPSG:3857
"1301829.96691,8385546.041635,1302176.68316,8386132.183325",20220005,3026,3226,3,Bonitet 17,Gran,17,16858,45,48,2021,2021-08-25,10191733,1-120,"1299883.1801794886,8383993.609396724,1306812.231899249,8387393.977370311",EPSG:3857
"1301554.533658,8385831.77286,1301817.353303,8386221.984805",20220005,3026,3226,3,Bonitet 11,Furu,13,12830,35,38,2021,2021-08-25,10192097,1-146,"1299883.1801794886,8383993.609396724,1306812.231899249,8387393.977370311",EPSG:3857
"1301639.593601,8386271.510838,1301798.650627,8386465.710777",20220005,3026,3226,4,Bonitet 14,Furu,5,4699,85,88,2021,2021-08-25,10171528,1-150,"1299883.1801794886,8383993.609396724,1306812.231899249,8387393.977370311",EPSG:3857
"1301530.429536,8386156.680733,1301701.139565,8386459.047335",20220005,3026,3226,4,Bonitet 11,Furu,6,6078,85,88,2021,2021-08-25,10163348,1-148,"1299883.1801794886,8383993.609396724,1306812.231899249,8387393.977370311",EPSG:3857
"1301693.478183,8386159.179049,1301911.946572,8386471.277947",20220005,3026,3226,3,Bonitet 14,Furu,6,5913,40,43,2021,2021-08-25,10191724,1-149,"1299883.1801794886,8383993.609396724,1306812.231899249,8387393.977370311",EPSG:3857
"1301281.044668,8385856.417372,1301513.626568,8386171.276582",20220005,3026,3226,4,Bonitet 11,Furu,8,8110,90,93,2021,2021-08-25,10192034,1-145,"1299883.1801794886,8383993.609396724,1306812.231899249,8387393.977370311",EPSG:3857
"1301427.328404,8385867.96466,1301656.486998,8386088.766691",20220005,3026,3226,4,Bonitet 11,Gran,7,6742,70,73,2021,2021-08-25,10163350,1-144,"1299883.1801794886,8383993.609396724,1306812.231899249,8387393.977370311",EPSG:3857
"1301355.222875,8385683.207093,1301625.639116,8385924.108551",20220005,3026,3226,4,Bonitet 14,Gran,8,7747,70,73,2021,2021-08-25,10191726,1-143,"1299883.1801794886,8383993.609396724,1306812.231899249,8387393.977370311",EPSG:3857
"1301534.461363,8385648.355925,1301675.53517,8385861.618989",20220005,3026,3226,5,Bonitet 14,Gran,5,4977,95,98,2021,2021-08-25,10191727,1-142,"1299883.1801794886,8383993.609396724,1306812.231899249,8387393.977370311",EPSG:3857
"1301491.792291,8385175.357699,1301754.711381,8385684.000624",20220005,3026,3226,5,Bonitet 14,Furu,12,12365,100,103,2021,2021-08-25,10171424,1-140,"1299883.1801794886,8383993.609396724,1306812.231899249,8387393.977370311",EPSG:3857
"1301600.473331,8385215.107763,1301895.435587,8385647.087569",20220005,3026,3226,4,Bonitet 14,Furu,15,14587,85,88,2021,2021-08-25,10191729,1-141,"1299883.1801794886,8383993.609396724,1306812.231899249,8387393.977370311",EPSG:3857
"1301815.061954,8385172.457336,1302196.075929,8385833.406842",20220005,3026,3226,4,Bonitet 14,Gran,21,20964,70,73,2021,2021-08-25,10191732,1-118,"1299883.1801794886,8383993.609396724,1306812.231899249,8387393.977370311",EPSG:3857
"1302032.196322,8385403.909004,1302255.509764,8385617.23781",20220005,3026,3226,4,Bonitet 17,Gran,5,5472,70,73,2021,2021-08-25,10163293,1-119,"1299883.1801794886,8383993.609396724,1306812.231899249,8387393.977370311",EPSG:3857
"1302216.895947,8384810.698479,1302442.02457,8385222.859634",20220005,3026,3226,4,Bonitet 14,Gran,12,11612,70,73,2021,2021-08-25,10171570,1-29,"1299883.1801794886,8383993.609396724,1306812.231899249,8387393.977370311",EPSG:3857
"1301943.65514,8385006.154711,1302260.058641,8385270.651725",20220005,3026,3226,5,Bonitet 17,Furu,9,9459,80,83,2021,2021-08-25,10163292,1-32,"1299883.1801794886,8383993.609396724,1306812.231899249,8387393.977370311",EPSG:3857
"1301958.741355,8384905.489891,1302197.421515,8385121.306876",20220005,3026,3226,3,Bonitet 17,Furu,5,5428,50,53,2021,2021-08-25,10163351,1-28,"1299883.1801794886,8383993.609396724,1306812.231899249,8387393.977370311",EPSG:3857
"1301965.30934,8384815.807288,1302188.91544,8385010.33327",20220005,3026,3226,3,Bonitet 14,Furu,5,5294,50,53,2021,2021-08-25,10191979,1-23,"1299883.1801794886,8383993.609396724,1306812.231899249,8387393.977370311",EPSG:3857
"1302180.77478,8384897.418265,1302346.140952,8385132.228647",20220005,3026,3226,5,Bonitet 14,Furu,5,5423,90,93,2021,2021-08-25,10170170,1-26,"1299883.1801794886,8383993.609396724,1306812.231899249,8387393.977370311",EPSG:3857
"1301906.123665,8384696.417131,1302214.344575,8385006.707539",20220005,3026,3226,3,Bonitet 14,Furu,7,7234,40,43,2021,2021-08-25,10192098,1-21,"1299883.1801794886,8383993.609396724,1306812.231899249,8387393.977370311",EPSG:3857
"1301975.559273,8384491.175632,1302200.116649,8384820.558229",20220005,3026,3226,3,Bonitet 11,Furu,11,10747,35,38,2021,2021-08-25,10163294,1-16,"1299883.1801794886,8383993.609396724,1306812.231899249,8387393.977370311",EPSG:3857
"1301908.653682,8384371.818079,1302359.873355,8384908.209372",20220005,3026,3226,5,Bonitet 11,Furu,17,17453,140,143,2021,2021-08-25,10191739,1-15,"1299883.1801794886,8383993.609396724,1306812.231899249,8387393.977370311",EPSG:3857
"1302055.51032,8384146.830555,1302436.622513,8384689.276179",20220005,3026,3226,5,Bonitet 8,Furu,24,24487,140,143,2021,2021-08-25,10171427,1-10,"1299883.1801794886,8383993.609396724,1306812.231899249,8387393.977370311",EPSG:3857
"1302330.32736,8384606.96182,1302575.280134,8384879.201901",20220005,3026,3226,5,Bonitet 11,Furu,7,7464,100,103,2021,2021-08-25,10192099,1-19,"1299883.1801794886,8383993.609396724,1306812.231899249,8387393.977370311",EPSG:3857
"1302428.171271,8384487.120827,1302679.23244,8384889.071997",20220005,3026,3226,4,Bonitet 14,Furu,12,11963,60,63,2021,2021-08-25,10171431,1-18,"1299883.1801794886,8383993.609396724,1306812.231899249,8387393.977370311",EPSG:3857
"1302788.92031,8384495.06164,1303141.992722,8385188.287512",20220005,3026,3226,3,Bonitet 17,Gran,25,25381,45,48,2021,2021-08-25,10171435,1-24,"1299883.1801794886,8383993.609396724,1306812.231899249,8387393.977370311",EPSG:3857
"1302659.710573,8384343.364299,1302889.384889,8384649.905673",20220005,3026,3226,4,Bonitet 17,Gran,10,10359,55,58,2021,2021-08-25,10191756,1-12,"1299883.1801794886,8383993.609396724,1306812.231899249,8387393.977370311",EPSG:3857
"1302510.716519,8384409.024147,1302765.141037,8384694.674856",20220005,3026,3226,3,Bonitet 14,Gran,9,8973,55,58,2021,2021-08-25,10171571,1-13,"1299883.1801794886,8383993.609396724,1306812.231899249,8387393.977370311",EPSG:3857
"1302193.725844,8384120.848782,1302655.315282,8384577.725809",20220005,3026,3226,5,Bonitet 11,Furu,15,14582,140,143,2021,2021-08-25,10192059,1-9,"1299883.1801794886,8383993.609396724,1306812.231899249,8387393.977370311",EPSG:3857
"1302425.139443,8384150.033625,1302757.202898,8384412.430327",20220005,3026,3226,5,Bonitet 14,Furu,10,9991,140,143,2021,2021-08-25,10171429,1-8,"1299883.1801794886,8383993.609396724,1306812.231899249,8387393.977370311",EPSG:3857
"1302379.899622,8384122.565515,1302571.469753,8384288.482608",20220005,3026,3226,5,Bonitet 11,Gran,6,5683,110,113,2021,2021-08-25,10171430,1-7,"1299883.1801794886,8383993.609396724,1306812.231899249,8387393.977370311",EPSG:3857
"1302149.9101,8383889.139637,1302363.681543,8384131.482958",20220005,3026,3226,5,Bonitet 14,Gran,7,6866,110,113,2021,2021-08-25,10191744,1-4,"1299819.022293192,8382898.342623558,1306748.0740129529,8386298.710597146",EPSG:3857
"1302319.726449,8383825.826786,1302431.469797,8384103.176446",20220005,3026,3226,4,Bonitet 14,Furu,3,2899,60,63,2021,2021-08-25,10191957,1-2,"1300911.236438322,8383343.360379706,1304863.441831961,8385282.868582141",EPSG:3857
"1302373.897312,8383798.895645,1302659.147231,8384112.450964",20220005,3026,3226,2,Bonitet 11,Furu,10,10388,30,33,2021,2021-08-25,10192089,1-1,"1300911.236438322,8383343.360379706,1304863.441831961,8385282.868582141",EPSG:3857
"1302434.914457,8383965.328559,1302632.92879,8384119.456087",20220005,3026,3226,2,Bonitet 11,Furu,5,4696,10,13,2021,2021-08-25,10171495,1-3,"1300911.236438322,8383343.360379706,1304863.441831961,8385282.868582141",EPSG:3857
"1302532.876287,8383966.658614,1303219.885807,8384404.947605",20220005,3026,3226,5,Bonitet 11,Furu,15,14547,110,113,2021,2021-08-25,10191915,1-6,"1300911.236438322,8383343.360379706,1304863.441831961,8385282.868582141",EPSG:3857
"1306601.244749,8387082.647154,1306755.689585,8387455.554597",20220005,3026,3226,5,Bonitet 17,Gran,3,3169,100,103,2021,2021-08-25,10171553,1-160,"1303867.161789073,8386189.821714412,1309266.0334597481,8388839.267997243",EPSG:3857
"1306628.71772,8387103.268759,1306872.294929,8387390.769913",20220005,3026,3226,5,Bonitet 14,Gran,9,9361,110,113,2021,2021-08-25,10192049,1-159,"1303867.161789073,8386189.821714412,1309266.0334597481,8388839.267997243",EPSG:3857
"1306698.764669,8387276.169113,1306905.672722,8387415.727825",20220005,3026,3226,5,Bonitet 20,Gran,2,1876,100,103,2021,2021-08-25,10171527,1-161,"1303867.161789073,8386189.821714412,1309266.0334597481,8388839.267997243",EPSG:3857
"1306733.698107,8386814.491837,1307022.602928,8387286.89342",20220005,3026,3226,2,Bonitet 17,Furu,15,15288,3,6,2021,2021-08-25,10192065,1-156,"1303867.161789073,8386189.821714412,1309266.0334597481,8388839.267997243",EPSG:3857
"1306919.079941,8387056.090423,1307222.650976,8387295.972984",20220005,3026,3226,4,Bonitet 17,Bjørk / lauv,10,9832,50,53,2021,2021-08-25,10171466,1-157,"1303867.161789073,8386189.821714412,1309266.0334597481,8388839.267997243",EPSG:3857
"1306927.401955,8387203.279676,1307274.908483,8387541.604",20220005,3026,3226,3,Bonitet 14,Furu,15,15037,30,33,2021,2021-08-25,10191828,1-163,"1303867.161789073,8386189.821714412,1309266.0334597481,8388839.267997243",EPSG:3857
"1307191.438802,8387261.479431,1307467.028939,8387737.722895",20220005,3026,3226,4,Bonitet 17,Gran,14,14132,70,73,2021,2021-08-25,10163343,1-169,"1303867.161789073,8386189.821714412,1309266.0334597481,8388839.267997243",EPSG:3857
"1307387.32475,8387625.578568,1307637.33887,8387820.777729",20220005,3026,3226,2,Bonitet 14,Gran,9,8761,25,28,2021,2021-08-25,10191831,1-177,"1303867.161789073,8386189.821714412,1309266.0334597481,8388839.267997243",EPSG:3857
"1307038.937298,8387624.403285,1307917.638594,8388377.271917",20220005,3026,3226,3,Bonitet 17,Gran,60,60370,45,48,2021,2021-08-25,10192033,1-189,"1303867.161789073,8386189.821714412,1309266.0334597481,8388839.267997243",EPSG:3857
"1307528.332741,8387697.973531,1307784.5586,8387974.139357",20220005,3026,3226,4,Bonitet 20,Gran,7,6784,45,48,2021,2021-08-25,10171554,1-181,"1303867.161789073,8386189.821714412,1309266.0334597481,8388839.267997243",EPSG:3857
"1307730.136119,8387972.45084,1307879.664483,8388190.83384",20220005,3026,3226,2,Bonitet 17,Gran,4,3575,18,21,2021,2021-08-25,10191845,1-194,"1303867.161789073,8386189.821714412,1309266.0334597481,8388839.267997243",EPSG:3857
"1307777.428255,8387964.755938,1307997.270019,8388416.231913",20220005,3026,3226,4,Bonitet 17,Gran,7,7193,60,63,2021,2021-08-25,10191781,1-203,"1303867.161789073,8386189.821714412,1309266.0334597481,8388839.267997243",EPSG:3857
"1306969.8298,8388159.731487,1307521.674801,8388449.457338",20220005,3026,3226,3,Bonitet 14,Gran,16,16175,55,58,2021,2021-08-25,10191843,1-204,"1303867.161789073,8386189.821714412,1309266.0334597481,8388839.267997243",EPSG:3857
"1307218.327416,8388330.296047,1307532.485466,8388601.629201",20220005,3026,3226,3,Bonitet 17,Gran,11,11280,30,33,2021,2021-08-25,10191841,1-215,"1303867.161789073,8386189.821714412,1309266.0334597481,8388839.267997243",EPSG:3857
"1306959.399983,8387932.104818,1307309.89803,8388314.039497",20220005,3026,3226,3,Bonitet 17,Gran,14,13968,40,43,2021,2021-08-25,10191834,1-196,"1303867.161789073,8386189.821714412,1309266.0334597481,8388839.267997243",EPSG:3857
"1306808.636125,8388145.946158,1307265.694653,8388687.123746",20220005,3026,3226,2,Bonitet 14,Gran,30,30464,25,28,2021,2021-08-25,10171464,1-214,"1303867.161789073,8386189.821714412,1309266.0334597481,8388839.267997243",EPSG:3857
"1306531.961008,8388325.547198,1306719.543304,8388549.884628",20220005,3026,3226,3,Bonitet 8,Furu,7,6531,60,63,2021,2021-08-25,10171450,1-211,"1303502.952192244,8387560.96372601,1308901.823862915,8390210.410008842",EPSG:3857
"1306492.369911,8388273.5737,1306771.727803,8388758.466665",20220005,3026,3226,3,Bonitet 11,Furu,12,12322,60,63,2021,2021-08-25,10202858,1-220,"1303502.952192244,8387560.96372601,1308901.823862915,8390210.410008842",EPSG:3857
"1306698.150889,8388317.613291,1307061.852727,8388953.118998",20220005,3026,3226,4,Bonitet 11,Furu,27,27012,80,83,2021,2021-08-25,10191840,1-232,"1303502.952192244,8387560.96372601,1308901.823862915,8390210.410008842",EPSG:3857
"1307022.436889,8388614.92085,1307377.974317,8389208.452172",20220005,3026,3226,4,Bonitet 14,Gran,16,15910,70,73,2021,2021-08-25,10171465,1-244,"1303502.952192244,8387560.96372601,1308901.823862915,8390210.410008842",EPSG:3857
"1307197.221086,8389060.897424,1307540.82999,8389444.712728",20220005,3026,3226,2,Bonitet 17,Gran,16,15771,18,21,2021,2021-08-25,10191829,1-264,"1303502.952192244,8387560.96372601,1308901.823862915,8390210.410008842",EPSG:3857
"1306700.410516,8388769.61499,1307306.49746,8389397.898739",20220005,3026,3226,5,Bonitet 14,Gran,19,19014,90,93,2021,2021-08-25,10192060,1-252,"1303502.952192244,8387560.96372601,1308901.823862915,8390210.410008842",EPSG:3857
"1306833.52559,8388856.541844,1307195.112921,8389180.6087",20220005,3026,3226,5,Bonitet 14,Gran,14,13549,90,93,2021,2021-08-25,10192061,1-251,"1303502.952192244,8387560.96372601,1308901.823862915,8390210.410008842",EPSG:3857
"1306329.109602,8388232.145927,1306722.451474,8388825.754256",20220005,3026,3226,4,Bonitet 14,Furu,15,14798,60,63,2021,2021-08-25,10191833,1-223,"1303502.952192244,8387560.96372601,1308901.823862915,8390210.410008842",EPSG:3857
"1306447.746281,8388713.753555,1306850.386754,8389101.965158",20220005,3026,3226,4,Bonitet 17,Gran,13,12705,60,63,2021,2021-08-25,10171458,1-243,"1303502.952192244,8387560.96372601,1308901.823862915,8390210.410008842",EPSG:3857
"1306409.587927,8388732.990786,1306732.378632,8389232.396011",20220005,3026,3226,4,Bonitet 14,Gran,18,17996,60,63,2021,2021-08-25,10192064,1-250,"1303502.952192244,8387560.96372601,1308901.823862915,8390210.410008842",EPSG:3857
"1306674.613715,8389021.32009,1306962.779783,8389199.893558",20220005,3026,3226,2,Bonitet 17,Gran,8,7578,18,21,2021,2021-08-25,10191837,1-256,"1303502.952192244,8387560.96372601,1308901.823862915,8390210.410008842",EPSG:3857
"1306663.942824,8389151.680373,1307245.24641,8389505.600748",20220005,3026,3226,4,Bonitet 14,Furu,20,19647,75,78,2021,2021-08-25,10171461,1-265,"1303502.952192244,8387560.96372601,1308901.823862915,8390210.410008842",EPSG:3857
"1306790.840593,8389214.067145,1307115.402926,8389523.229842",20220005,3026,3226,4,Bonitet 14,Gran,10,9808,60,63,2021,2021-08-25,10192063,1-271,"1303502.952192244,8387560.96372601,1308901.823862915,8390210.410008842",EPSG:3857
"1306595.136647,8389346.532437,1307129.851117,8389665.619554",20220005,3026,3226,4,Bonitet 17,Gran,19,18750,60,63,2021,2021-08-25,10171462,1-280,"1303502.952192244,8387560.96372601,1308901.823862915,8390210.410008842",EPSG:3857
"1306174.24126,8389530.172387,1306826.561916,8389904.749212",20220005,3026,3226,2,Bonitet 17,Gran,19,18777,20,23,2021,2021-08-25,10171457,1-289,"1303502.952192244,8387560.96372601,1308901.823862915,8390210.410008842",EPSG:3857
"1306249.992431,8389335.994839,1306614.625403,8389709.750496",20220005,3026,3226,4,Bonitet 17,Gran,13,13477,55,58,2021,2021-08-25,10192062,1-281,"1303502.952192244,8387560.96372601,1308901.823862915,8390210.410008842",EPSG:3857
"1306097.557397,8389255.520652,1306595.204452,8390023.18014",20220005,3026,3226,3,Bonitet 14,Gran,37,36705,55,58,2021,2021-08-25,10171456,1-282,"1303502.952192244,8387560.96372601,1308901.823862915,8390210.410008842",EPSG:3857
"1305735.008284,8389561.063352,1306038.234794,8389868.418244",20220005,3026,3226,5,Bonitet 6,Furu,8,8020,130,133,2021,2021-08-25,10171557,1-284,"1303502.952192244,8387560.96372601,1308901.823862915,8390210.410008842",EPSG:3857
"1305483.947137,8389182.669867,1305634.481804,8389449.734545",20220005,3026,3226,4,Bonitet 14,Furu,6,6216,70,73,2021,2021-08-25,10191824,1-263,"1303502.952192244,8387560.96372601,1308901.823862915,8390210.410008842",EPSG:3857